customer_id,page_views,time_spent
1,25,120
2,20,90
3,30,150
4,15,80
5,22,110
6,42,378
7,49,441
8,36,324
9,36,324
10,33,297
11,42,378
12,12,108
13,40,360
14,31,279
15,36,324
16,28,252
17,34,306
18,29,261
19,36,324
20,11,99
